model,micro_f1,macro_f1,hamming_loss,jaccard_samples
TF-IDF + LogisticRegression,0.43213799364502953,0.37994198374246346,0.5942992874109264,0.2765571390868303
TF-IDF + LinearSVC,0.24105668684645018,0.20278909672682346,0.32755344418052257,0.14471213663612714
Word2Vec + MLP,0.011741682974559686,0.007679302098765081,0.23990498812351543,0.005146476642913697
